{
  "next.config.js": 1777719105.0969152,
  "next-env.d.ts": 1777720467.3403594,
  "tailwind.config.ts": 1777740727.3029542,
  "vitest.config.ts": 1777982043.5669231,
  "postcss.config.js": 1777719105.5820515,
  "tests/astrology/kp.test.ts": 1777982328.7655354,
  "tests/astrology/divisional.test.ts": 1777982086.8140073,
  "tests/astrology/sanity.test.ts": 1777982045.5744874,
  "tests/astrology/integration.test.ts": 1777982343.2367022,
  "tests/astrology/dasha.test.ts": 1777982323.7376897,
  "scripts/99-stats.ts": 1777719364.7135754,
  "scripts/05-ingest-graph.ts": 1777719357.5820339,
  "scripts/_env.ts": 1777719256.9193695,
  "scripts/smoke-deploy.ts": 1777982712.8992686,
  "scripts/04-embed-segments.ts": 1777720164.5065103,
  "scripts/02-ingest-videos.ts": 1777719279.8560362,
  "scripts/eval.ts": 1777731324.8876278,
  "scripts/verify-readings.ts": 1777982730.2333393,
  "scripts/_trace.ts": 1777730511.8064494,
  "scripts/01-build-db.ts": 1777719272.62629,
  "scripts/06-build-fts.ts": 1777730028.784213,
  "scripts/03-ingest-segments.ts": 1777719294.7336833,
  "scripts/bootstrap.ts": 1777734210.683734,
  "scripts/upload-to-r2.ts": 1777731443.5275664,
  "src/types/tz-lookup.d.ts": 1777772154.2286713,
  "src/app/layout.tsx": 1777742682.2469122,
  "src/app/page.tsx": 1777772224.0478168,
  "src/app/not-found.tsx": 1777720332.9498277,
  "src/app/ask/page.tsx": 1777734523.7790253,
  "src/app/kundli/page.tsx": 1777772079.49131,
  "src/app/kundli/result/page.tsx": 1778002305.8359153,
  "src/app/library/page.tsx": 1777720248.4536774,
  "src/app/library/[id]/page.tsx": 1777720280.8655808,
  "src/app/about/page.tsx": 1777720330.490142,
  "src/app/topic/[slug]/page.tsx": 1777720299.8521836,
  "src/app/api/video/[id]/route.ts": 1777735277.8201647,
  "src/app/api/ask/route.ts": 1777735771.3626046,
  "src/app/api/kundli/route.ts": 1777982286.514532,
  "src/app/api/kundli/reading/route.ts": 1777982460.4967,
  "src/app/api/kundli/chat/route.ts": 1777982480.3966177,
  "src/app/api/kundli/prescription/route.ts": 1777999165.876301,
  "src/app/api/kundli/field-explain/route.ts": 1778002979.6450684,
  "src/app/api/cards/route.ts": 1777735273.887118,
  "src/app/api/library/route.ts": 1777735275.0344381,
  "src/app/api/topic/[slug]/route.ts": 1777735276.8479664,
  "src/app/api/daily/route.ts": 1777735272.7450461,
  "src/app/api/geocode/route.ts": 1777771979.1723619,
  "src/components/Hero.tsx": 1777741215.840728,
  "src/components/LifeSituationCards.tsx": 1777738098.7013936,
  "src/components/FolioAnswer.tsx": 1777738091.4277108,
  "src/components/KundliChart.tsx": 1777772043.0799599,
  "src/components/SearchBox.tsx": 1777742682.2471898,
  "src/components/Footer.tsx": 1777719637.2358105,
  "src/components/VideoTile.tsx": 1777720234.5876813,
  "src/components/Header.tsx": 1777772214.647325,
  "src/components/TranscriptDrawer.tsx": 1777720265.8543448,
  "src/components/DailyAnchor.tsx": 1777739875.3299375,
  "src/components/LangToggle.tsx": 1777738050.835568,
  "src/components/KundliForm.tsx": 1777772010.4049792,
  "src/components/kundli/ChartToolbar.tsx": 1777982525.7642388,
  "src/components/kundli/DashaTimeline.tsx": 1777982601.5783584,
  "src/components/kundli/LifeAreaSection.tsx": 1778001456.681867,
  "src/components/kundli/ChartChat.tsx": 1777982580.0266416,
  "src/components/kundli/AllCharts.tsx": 1778001436.9710443,
  "src/components/kundli/CompareSystems.tsx": 1777982617.5218925,
  "src/components/kundli/YogaList.tsx": 1777982593.3786583,
  "src/components/kundli/DoshaList.tsx": 1777982587.4998221,
  "src/components/kundli/Reading.tsx": 1778002299.866675,
  "src/components/kundli/TabBar.tsx": 1777982515.0824385,
  "src/components/kundli/PrescriptionTable.tsx": 1778003012.4352489,
  "src/components/kundli/FieldExplainer.tsx": 1778002996.777067,
  "src/lib/search.ts": 1777730833.1306407,
  "src/lib/i18n.ts": 1777719206.2361765,
  "src/lib/aliases.ts": 1777730838.4563038,
  "src/lib/types.ts": 1777719178.573474,
  "src/lib/openrouter.ts": 1777720155.0592637,
  "src/lib/compose.ts": 1777743281.0330768,
  "src/lib/youtube.ts": 1777719185.736041,
  "src/lib/db.ts": 1777719163.4832442,
  "src/lib/vec.ts": 1777719210.0815108,
  "src/lib/lang.ts": 1777719700.2266445,
  "src/lib/agent/prescription.ts": 1777999274.327804,
  "src/lib/agent/chartContext.ts": 1777982400.1181874,
  "src/lib/agent/chat.ts": 1777982451.1821833,
  "src/lib/agent/prompts.ts": 1777982423.7467391,
  "src/lib/agent/fieldExplain.ts": 1778002969.7242482,
  "src/lib/agent/reading.ts": 1777982439.459163,
  "src/lib/agent/prescriptionTypes.ts": 1777999266.779901,
  "src/lib/astrology/compute.ts": 1777982163.9595947,
  "src/lib/astrology/kp.ts": 1777982266.1709337,
  "src/lib/astrology/yogas.ts": 1777982218.767156,
  "src/lib/astrology/bhavaChalit.ts": 1777982232.320432,
  "src/lib/astrology/divisional.ts": 1777982079.1900778,
  "src/lib/astrology/types.ts": 1777982118.947264,
  "src/lib/astrology/dasha.ts": 1777982186.7042668,
  "src/lib/astrology/doshas.ts": 1777982201.9649684,
  "README.md": 1777731743.676193,
  "docs/ADR-001-hybrid-retrieval.md": 1777731693.3988814,
  "docs/superpowers/plans/2026-05-05-kundli-ai-agent.md": 1777981988.9333718,
  "docs/superpowers/specs/2026-05-05-kundli-ai-agent-design.md": 1777981248.3306377,
  "screenshot-v3-prescription.png": 1778002758.3933399,
  "screenshot-marriage.png": 1777987338.7500725,
  "screenshot-astro-wheel.png": 1777987338.756551,
  "screenshot-v2-prescription.png": 1777999694.0799463,
  "screenshot-v3-full-page.png": 1778002758.3843496,
  "screenshot-v4-pitr-loading.png": 1778003524.5960715,
  "screenshot-v4-table.png": 1778003524.6001747,
  "screenshot-v3-top.png": 1778002758.3981996,
  "screenshot-v3-marriage.png": 1778002758.3895116,
  "screenshot-v2-final.png": 1777999694.077016,
  "screenshot-overview.png": 1777987338.743173,
  "screenshot-v4-shadi-explainer.png": 1778003524.5915854,
  "screenshot-v2-all-charts.png": 1777999694.073151,
  "screenshot-v2-wheel.png": 1777999694.083731,
  "screenshot-chat.png": 1777987338.7679687,
  "public/img/brajesh-portrait.jpg": 1777734231.1939368
}